"무인교통단속카메라관리번호",시도명,시군구명,도로종류,도로노선번호,도로노선명,도로노선방향,소재지도로명주소,소재지지번주소,위도,경도,설치장소,단속구분,제한속도,단속구간위치구분,과속단속구간길이,보호구역구분,설치연도,관리기관명,관리기관전화번호,데이터기준일자
C1002,서울특별시,관악구,특별시도,,청룡4길,3,,서울특별시 관악구 봉천동 920,37.48102565,126.9425545,관악초교 부근,4,0,,,,,서울특별시 관악구청,02-879-6962,2023-09-04
C2001,서울특별시,관악구,특별시도,,중앙길,3,,서울특별시 관악구 봉천동 458-79,37.486033,126.949459,신봉초교 부근,4,0,,,,,서울특별시 관악구청,02-879-6962,2023-09-04
C2002,서울특별시,관악구,특별시도,,난곡로35길,3,,서울특별시 관악구 신림동 808-176,37.47012172,126.9171994,삼성아트빌아파트 부근,4,0,,,,,서울특별시 관악구청,02-879-6962,2023-09-04
C2005,서울특별시,관악구,특별시도,,난곡로,3,서울특별시 관악구 난곡로 42,,37.460571,126.920607,GS슈퍼마켓 부근,4,0,,,,,서울특별시 관악구청,02-879-6962,2023-09-04
C2006,서울특별시,관악구,특별시도,,은천로,3,서울특별시 관악구 은천로 69,,37.4865852,126.9426791,은천초교 부근,4,0,,,,,서울특별시 관악구청,02-879-6962,2023-09-04
C2009,서울특별시,관악구,특별시도,,양녕로6길,3,서울특별시 관악구 양녕로6길 12,,37.48456599,126.9474148,신봉초등학교,4,0,,,,,서울특별시 관악구청,02-879-6962,2023-09-04
C2010,서울특별시,관악구,특별시도,,신림로28길,3,서울특별시 관악구 신림로28길 81,,37.47202216,126.9378065,신성초등학교,4,0,,,,,서울특별시 관악구청,02-879-6962,2023-09-04
C3010,서울특별시,관악구,특별시도,,양녕로,3,서울특별시 관악구 양녕로 74,,37.48851649,126.946643,구암초교 부근,4,0,,,,,서울특별시 관악구청,02-879-6962,2023-09-04
C3015,서울특별시,관악구,특별시도,,행운1길,3,서울특별시 관악구 행운1길 72,,37.48185521,126.9564699,원당초등학교,4,0,,,,,서울특별시 관악구청,02-879-6962,2023-09-04
CA001,서울특별시,관악구,특별시도,,청림5길,3,서울특별시 관악구 청림5길 22,,37.489052,126.9601116,은비유치원 부근,4,0,,,,,서울특별시 관악구청,02-879-6962,2023-09-04
CA002,서울특별시,관악구,특별시도,,남부순환로,3,서울특별시 관악구 남부순환로 1761,,37.482263,126.945973,남서울유치원 부근,4,0,,,,,서울특별시 관악구청,02-879-6962,2023-09-04
CA004,서울특별시,관악구,특별시도,,은천로25길,3,서울특별시 관악구 은천로25길 69,,37.489005,126.948332,새소슬유치원 부근,4,0,,,,,서울특별시 관악구청,02-879-6962,2023-09-04
CA005,서울특별시,관악구,특별시도,,구암길,3,,서울특별시 관악구 봉천동 1712-17,37.49006174,126.948062,소슬유치원 부근,4,0,,,,,서울특별시 관악구청,02-879-6962,2023-09-04
CA007,서울특별시,관악구,특별시도,,광신길,3,서울특별시 관악구 광신길 111,,37.46394813,126.925534,합실어린이집,4,0,,,,,서울특별시 관악구청,02-879-6962,2023-09-04
CA008,서울특별시,관악구,특별시도,,호암로,3,서울특별시 관악구 호암로 545,,37.466451,126.931148,미림어린이집 부근,4,0,,,,,서울특별시 관악구청,02-879-6962,2023-09-04
CB001,서울특별시,관악구,특별시도,,관악로11길,3,서울특별시 관악구 관악로11길 20,,37.47798901,126.9510262,관악구청 부근,4,0,,,,,서울특별시 관악구청,02-879-6962,2023-09-04
CB014,서울특별시,관악구,특별시도,,광신길,3,서울특별시 관악구 광신길 141,,37.4644762,126.9259406,명성유치원,4,0,,,,,서울특별시 관악구청,02-879-6962,2023-09-04
CE023,서울특별시,관악구,특별시도,,난곡로,3,서울특별시 관악구 난곡로 249,,37.47617498,126.9155517,미성동주민센터 부근,4,0,,,,,서울특별시 관악구청,02-879-6962,2023-09-04
CF001,서울특별시,관악구,특별시도,,문성로,3,서울특별시 관악구 문성로 206,,37.479082,126.9266092,금샘아트빌 부근,4,0,,,,,서울특별시 관악구청,02-879-6962,2023-09-04
D2021,서울특별시,관악구,특별시도,,대학6길,3,서울특별시 관악구대학6길 25,,37.46897791,126.9362768,고시촌 부근,4,0,,,,,서울특별시 관악구청,02-879-6962,2023-09-04
D2027,서울특별시,관악구,특별시도,,미성3길,3,서울특별시 관악구 미성3길 20,,37.473674,126.916948,신림동부센트레빌아파트 부근,4,0,,,,,서울특별시 관악구청,02-879-6962,2023-09-04
D2038,서울특별시,관악구,특별시도,,호암로,3,서울특별시 관악구 호암로 528,,37.464708,126.931716,농협하나로마트 부근,4,0,,,,,서울특별시 관악구청,02-879-6962,2023-09-04
D2054,서울특별시,관악구,특별시도,,성현로,3,,서울특별시 관악구 봉천동 1712-10,37.49162926,126.9510485,구암중학교 부근,4,0,,,,,서울특별시 관악구청,02-879-6962,2023-09-04
D2055,서울특별시,관악구,특별시도,,신림로71길,3,서울특별시 관악구 신림로71길 46,,37.48809529,126.9258288,성은교회 부근,4,0,,,,,서울특별시 관악구청,02-879-6962,2023-09-04
D2071,서울특별시,관악구,특별시도,,은천로,3,서울특별시 관악구 은천로 28,,37.48592467,126.9383804,봉일스파랜드 부근,4,0,,,,,서울특별시 관악구청,02-879-6962,2023-09-04
D2091,서울특별시,관악구,특별시도,,청림길,3,,서울특별시 관악구 봉천동 13-52,37.488451,126.959003,서희스타힐스 부근,4,0,,,,,서울특별시 관악구청,02-879-6962,2023-09-04
D3009,서울특별시,관악구,특별시도,,낙성대로,3,서울특별시 관악구낙성대로3길 37,,37.47306735,126.9603152,관악구민종합체육센터 부근,4,0,,,,,서울특별시 관악구청,02-879-6962,2023-09-04
D3014,서울특별시,관악구,특별시도,,남현길,3,서울특별시 관악구 남현길 55,,37.47432966,126.976236,예촌어린이공원 부근,4,0,,,,,서울특별시 관악구청,02-879-6962,2023-09-04
D3029,서울특별시,관악구,특별시도,,양지길,3,서울특별시 관악구 양지길 91,,37.469403,126.930756,신일주차장 부근,4,0,,,,,서울특별시 관악구청,02-879-6962,2023-09-04
D3050,서울특별시,관악구,특별시도,,신림동길,3,서울특별시 관악구 신림동길 6,,37.487527,126.928088,서울집앞 사거리 부근,4,0,,,,,서울특별시 관악구청,02-879-6962,2023-09-04
D3068,서울특별시,관악구,특별시도,,난곡로65길,3,서울특별시 관악구 난곡로65길 2,,37.48250014,126.914027,난곡로65길 2 부근,4,0,,,,,서울특별시 관악구청,02-879-6962,2023-09-04
D3073,서울특별시,관악구,특별시도,,관악로,3,서울특별시 관악구 관악로 211,,37.48419585,126.9543274,봉천중앙시장 부근,4,0,,,,,서울특별시 관악구청,02-879-6962,2023-09-04
D3097,서울특별시,관악구,특별시도,,문성로16가길,3,서울특별시 관악구 문성로16가길 1,,37.47669349,126.9136439,미성중학교 부근,4,0,,,,,서울특별시 관악구청,02-879-6962,2023-09-04
DA011,서울특별시,관악구,특별시도,,신림로,3,서울특별시 관악구 신림로 210,,37.47613413,126.937523,은성온누리약국 부근,4,0,,,,,서울특별시 관악구청,02-879-6962,2023-09-04
DA017,서울특별시,관악구,특별시도,,은천로,3,서울특별시 관악구은천로33길 12,,37.48728232,126.9522251,동부센트레빌 정문 부근,4,0,,,,,서울특별시 관악구청,02-879-6962,2023-09-04
DA032,서울특별시,관악구,특별시도,,관악로24길,3,서울특별시 관악구 관악로24길 60,서울특별시 관악구 봉천동 20-20,37.48540666,126.9573,우성APT 101동 부근,4,0,,,,,서울특별시 관악구청,02-879-6962,2023-09-04
DA039,서울특별시,관악구,특별시도,,청룡1길,3,서울특별시 관악구 청룡1길 2,,37.48109218,126.9464702,짐박스피트니스 부근,4,0,,,,,서울특별시 관악구청,02-879-6962,2023-09-04
DA043,서울특별시,관악구,특별시도,,봉천로,3,서울특별시 관악구 봉천로 590,서울특별시 관악구 봉천동 1631-1,37.476571,126.9626056,봉천로 590 부근,4,0,,,,,서울특별시 관악구청,02-879-6962,2023-09-04
DA049,서울특별시,관악구,특별시도,,관천로,3,,서울특별시 관악구 신림동 1463-69,37.48508771,126.9252453,관천로 64 부근,4,0,,,,,서울특별시 관악구청,02-879-6962,2023-09-04
DA052,서울특별시,관악구,특별시도,,조원로2길,3,,서울특별시 관악구 신림동 1676-5,37.482877,126.9025001,미성아파트 부근,4,0,,,,,서울특별시 관악구청,02-879-6962,2023-09-04
DA060,서울특별시,관악구,특별시도,,난곡로26길,3,,서울특별시 관악구 신림동 637-20,37.470626,126.9202334,우림시장 부근,4,0,,,,,서울특별시 관악구청,02-879-6962,2023-09-04
DA067,서울특별시,관악구,특별시도,,남부순환로,3,,서울특별시 관악구 신림동 10-471,37.48350649,126.9348835,강강술래 부근,4,0,,,,,서울특별시 관악구청,02-879-6962,2023-09-04
DA068,서울특별시,관악구,특별시도,,행운9길,3,,서울특별시 관악구 봉천동 1706-4,37.48423791,126.9594139,월드메르디앙101동 삼거리 부근,4,0,,,,,서울특별시 관악구청,02-879-6962,2023-09-04
DA075,서울특별시,관악구,특별시도,,서림길,3,,서울특별시 관악구 신림동 103-27,37.47228905,126.9404634,이화빌딩 부근,4,0,,,,,서울특별시 관악구청,02-879-6962,2023-09-04
DB009,서울특별시,관악구,특별시도,,구암5길,3,서울특별시 관악구 구암5길 20,,37.490053,126.9468864,구암초등학교,4,0,,,,,서울특별시 관악구청,02-879-6962,2023-09-04
DB017,서울특별시,관악구,특별시도,,행운1길,3,서울특별시 관악구 행운1길 131,,37.48447737,126.956147,오거리 시장 내,4,0,,,,,서울특별시 관악구청,02-879-6962,2023-09-04
DC013,서울특별시,관악구,특별시도,,난향길,3,서울특별시 관악구 난향길 4,,37.463015,126.9187049,수경온누리약국 부근,4,0,,,,,서울특별시 관악구청,02-879-6962,2023-09-04
DC016,서울특별시,관악구,특별시도,,과천대로,3,,서울특별시 관악구 남현동 1061-39,37.47439153,126.981789,사당역 4번출구 르메이에르 앞,4,0,,,,,서울특별시 관악구청,02-879-6962,2023-09-04
DC027,서울특별시,관악구,특별시도,,원신2길,3,서울특별시 관악구 원신1길 30,서울특별시 관악구 신림동 808-142,37.47051857,126.9328988,진미순대국 부근,4,0,,,,,서울특별시 관악구청,02-879-6962,2023-09-04
DC075,서울특별시,관악구,특별시도,,행운1길,3,서울특별시 관악구 행운1길 37,,37.480335,126.9572548,행운동주민센터 부근,4,0,,,,,서울특별시 관악구청,02-879-6962,2023-09-04
DC080,서울특별시,관악구,특별시도,,복은길,3,서울특별시 관악구 복은길 129-13,서울특별시 관악구 신림동 98-401,37.47553,126.94233,바라본아파트부근,4,0,,,,,서울특별시 관악구청,02-879-6962,2023-09-04
DD010,서울특별시,관악구,특별시도,,남현6길,3,서울특별시 관악구 남현6길 27,,37.47377788,126.9749175,사당초등학교,4,0,,,,,서울특별시 관악구청,02-879-6962,2023-09-04
DD033,서울특별시,관악구,특별시도,,성현로,3,,서울특별시 관악구 봉천동 1712-5,37.49276407,126.948602,관악드림타운 149동과 구암중학교,4,0,,,,,서울특별시 관악구청,02-879-6962,2023-09-04
DD034,서울특별시,관악구,특별시도,,성현로,3,서울특별시 관악구 성현로 16,,37.49261836,126.945533,성현동성당 맞은편 부근,4,0,,,,,서울특별시 관악구청,02-879-6962,2023-09-04
DD035,서울특별시,관악구,특별시도,,은천로,3,,서울특별시 관악구 봉천동 738-368,37.48634014,126.9556144,은천삼거리 부근,4,0,,,,,서울특별시 관악구청,02-879-6962,2023-09-04
DD051,서울특별시,관악구,특별시도,,시흥대로,3,서울특별시 관악구 시흥대로 570,,37.48353993,126.9024674,연세W산부인과 구로점 부근,4,0,,,,,서울특별시 관악구청,02-879-6962,2023-09-04
DD058,서울특별시,관악구,특별시도,,쑥고개로,3,서울특별시 관악구 쑥고개로86,,37.47915735,126.9460516,성락약국 부근,4,0,,,,,서울특별시 관악구청,02-879-6962,2023-09-04
DE035,서울특별시,관악구,특별시도,,남부순환로,3,,서울특별시 관악구신림동 75-43,37.48417722,126.9305316,신림역1번출구 부근,4,0,,,,,서울특별시 관악구청,02-879-6962,2023-09-04
DE049,서울특별시,관악구,특별시도,,당곡길,3,서울특별시 관악구 당곡길 20,,37.490029,126.9292103,새마을금고 앞,4,0,,,,,서울특별시 관악구청,02-879-6962,2023-09-04
DE050,서울특별시,관악구,특별시도,,신림동 산,3,,서울특별시 관악구 신림동 산 199-1,37.47824,126.918976,난곡터널 앞,4,0,,,,,서울특별시 관악구청,02-879-6962,2023-09-04
DE051,서울특별시,관악구,특별시도,,보라매로,3,서울특별시 관악구 보라매로 30,,37.492218,126.9270262,맞은편,4,0,,,,,서울특별시 관악구청,02-879-6962,2023-09-04
DE052,서울특별시,관악구,특별시도,,신림로,3,서울특별시 관악구 신림로 301,,37.48134662,126.9297669,오장동흥남집 부근,4,0,,,,,서울특별시 관악구청,02-879-6962,2023-09-04
DE053,서울특별시,관악구,특별시도,,신림로,3,서울특별시 관악구 신림로 264,,37.47868554,126.9326448,하나로마트 부근,4,0,,,,,서울특별시 관악구청,02-879-6962,2023-09-04
DE054,서울특별시,관악구,특별시도,,은천로,3,서울특별시 관악구 은천로 93,,37.48728083,126.945265,벽산블루밍 정문 주변,4,0,,,,,서울특별시 관악구청,02-879-6962,2023-09-04
DE055,서울특별시,관악구,특별시도,,난곡로,3,서울특별시 관악구 난곡로 327,,37.48317461,126.9139958,박산부인과 앞,4,0,,,,,서울특별시 관악구청,02-879-6962,2023-09-04
DE056,서울특별시,관악구,특별시도,,난곡로,3,서울특별시 관악구 난곡로 297,,37.48052159,126.9144974,박산부인과 부근,4,0,,,,,서울특별시 관악구청,02-879-6962,2023-09-04
DE057,서울특별시,관악구,특별시도,,난곡로,3,서울특별시 관악구 난곡로 269,,37.47809475,126.9150367,난곡우체국 주변,4,0,,,,,서울특별시 관악구청,02-879-6962,2023-09-04
DE058,서울특별시,관악구,특별시도,,난곡로46길,3,서울특별시 관악구 난곡로46길 16-19,,37.47624234,126.9162656,미성동주민센터 맞은편,4,0,,,,,서울특별시 관악구청,02-879-6962,2023-09-04
DE059,서울특별시,관악구,특별시도,,난곡로,3,서울특별시 관악구 난곡로 213,,37.47368707,126.9177955,조인트힐 병원 앞,4,0,,,,,서울특별시 관악구청,02-879-6962,2023-09-04
DE060,서울특별시,관악구,특별시도,,난곡로24길,3,서울특별시 관악구 난곡로24길 2,,37.46981687,126.9202861,앞 보도 관악보건분소 주변,4,0,,,,,서울특별시 관악구청,02-879-6962,2023-09-04
DH049,서울특별시,관악구,특별시도,,관천로,3,서울특별시 관악구 관천로 109,,37.48788,126.9217,세봉빌딩 부근,4,0,,,,,서울특별시 관악구청,02-879-6962,2023-09-04
DH086,서울특별시,관악구,특별시도,,시흥대로164길,3,서울특별시 관악구 시흥대로164길 27,,37.48201,126.90286,문성어린이집,4,0,,,,,서울특별시 관악구청,02-879-6962,2023-09-04
G0001,서울특별시,관악구,특별시도,,난곡로49길,3,서울특별시 관악구 난곡로49길 20,,37.477272,126.914298,강동연립2차 부근,4,0,,,,,서울특별시 관악구청,02-879-6962,2023-09-04
G0004,서울특별시,관악구,특별시도,,난곡로43길,3,,서울특별시 관악구 신림동 749-10,37.47559379,126.9141792,난곡로43길 26 부근,4,0,,,,,서울특별시 관악구청,02-879-6962,2023-09-04
G0007,서울특별시,관악구,특별시도,,남부순환로168길,3,서울특별시 관악구남부순환로168길 46,,37.48084632,126.9242818,GS25 부근,4,0,,,,,서울특별시 관악구청,02-879-6962,2023-09-04
G5002,서울특별시,관악구,특별시도,,남부순환로156길,3,,서울특별시 관악구 신림동 1642-4,37.48143937,126.9192382,성보중학교 부근,4,0,,,,,서울특별시 관악구청,02-879-6962,2023-09-04
G5003,서울특별시,관악구,특별시도,,남부순환로152길,3,,서울특별시 관악구 신림동 1642-4,37.48143937,126.9192382,럭키슈퍼 부근,4,0,,,,,서울특별시 관악구청,02-879-6962,2023-09-04
G5005,서울특별시,관악구,특별시도,,남부순환로152길,3,,서울특별시 관악구 신림동 1642-4,37.48143937,126.9192382,호림박물관 부근,4,0,,,,,서울특별시 관악구청,02-879-6962,2023-09-04
G5011,서울특별시,관악구,특별시도,,남부순환로144길,3,,서울특별시 관악구 신림동 1493-6,37.480709,126.9121996,초원빌라 부근,4,0,,,,,서울특별시 관악구청,02-879-6962,2023-09-04
G5012,서울특별시,관악구,특별시도,,남부순환로144길,3,,서울특별시 관악구 신림동 1493-5,37.47925294,126.9121501,갈릴리교회 부근,4,0,,,,,서울특별시 관악구청,02-879-6962,2023-09-04
G6001,서울특별시,관악구,특별시도,,신사로10길,3,,서울특별시 관악구 신림동 513,37.48465873,126.9157562,이재옥헤어부근,4,0,,,,,서울특별시 관악구청,02-879-6962,2023-09-04
G6002,서울특별시,관악구,특별시도,,난곡로74길,3,,서울특별시 관악구 신림동 516-4,37.486064,126.914994,새빛어린이공원부근,4,0,,,,,서울특별시 관악구청,02-879-6962,2023-09-04
G6003,서울특별시,관악구,특별시도,,신사로10길,3,,서울특별시 관악구 신림동 502-44,37.48645444,126.9148556,새빛어린이집 부근,4,0,,,,,서울특별시 관악구청,02-879-6962,2023-09-04
G6005,서울특별시,관악구,특별시도,,신사로20길,3,,서울특별시 관악구 신림동 495,37.48826196,126.9175283,리치빌리지 부근,4,0,,,,,서울특별시 관악구청,02-879-6962,2023-09-04
G6007,서울특별시,관악구,특별시도,,관천로15길,3,,서울특별시 관악구 신림동 470,37.48647053,126.9200373,신사요양원 부근,4,0,,,,,서울특별시 관악구청,02-879-6962,2023-09-04
G6010,서울특별시,관악구,특별시도,,조원로,3,서울특별시 관악구 조원로 143,서울특별시 관악구 신림동 480-2,37.48573609,126.918164,신사동주민센터 부근,4,0,,,,,서울특별시 관악구청,02-879-6962,2023-09-04
G8001,서울특별시,관악구,특별시도,,남부순환로161나길,3,,서울특별시 관악구 신림동 483,37.48466164,126.9208156,남부초등학교 부근,4,0,,,,,서울특별시 관악구청,02-879-6962,2023-09-04
G8002,서울특별시,관악구,특별시도,,남부순환로163길,3,,서울특별시 관악구 신림동 463,37.48465728,126.9228428,남부초교 부근,4,0,,,,,서울특별시 관악구청,02-879-6962,2023-09-04
G8005,서울특별시,관악구,특별시도,,조원로13길,3,,서울특별시 관악구 신림동 1728,37.48478,126.9104368,제창그로힐아파트 부근,4,0,,,,,서울특별시 관악구청,02-879-6962,2023-09-04
G8006,서울특별시,관악구,특별시도,,조원로19길,3,,서울특별시 관악구 신림동 533,37.48465899,126.9126284,삼하빌라 부근,4,0,,,,,서울특별시 관악구청,02-879-6962,2023-09-04
G8007,서울특별시,관악구,특별시도,,조원로13길,3,,서울특별시 관악구 신림동 533,37.48465899,126.9126284,제창그로힐아파트 부근,4,0,,,,,서울특별시 관악구청,02-879-6962,2023-09-04
G8008,서울특별시,관악구,특별시도,,조원로13길,3,,서울특별시 관악구 신림동 533,37.48465899,126.9126284,제창그로힐아파트부근,4,0,,,,,서울특별시 관악구청,02-879-6962,2023-09-04
G8009,서울특별시,관악구,특별시도,,조원로13길,3,,서울특별시 관악구 신림동 533,37.48465899,126.9126284,진헤어 부근,4,0,,,,,서울특별시 관악구청,02-879-6962,2023-09-04
G8010,서울특별시,관악구,특별시도,,신사로,3,서울특별시 관악구 신사로 82,서울특별시 관악구 신림동 534-1,37.485748,126.9118733,아데나아파트 부근,4,0,,,,,서울특별시 관악구청,02-879-6962,2023-09-04
G8011,서울특별시,관악구,특별시도,,난곡로75길,3,서울특별시 관악구 난곡로75길 7,서울특별시 관악구 신림동 519-14,37.485679,126.9133119,해피레지던스 부근,4,0,,,,,서울특별시 관악구청,02-879-6962,2023-09-04
G9001,서울특별시,관악구,특별시도,,신사로,3,서울특별시 관악구신사로 34,,37.48460685,126.9069789,연꽃스튜디오 부근,4,0,,,,,서울특별시 관악구청,02-879-6962,2023-09-04
G9004,서울특별시,관악구,특별시도,,관천로15길,3,서울특별시 관악구 관천로15길 82,서울특별시 관악구 신림동 479-14,37.486146,126.9180608,신사동 주민센터 부근,4,0,,,,,서울특별시 관악구청,02-879-6962,2023-09-04
G9006,서울특별시,관악구,특별시도,,관천로11길,3,,서울특별시 관악구 신림동 487-23,37.4833846,126.9193233,진주아트빌 부근,4,0,,,,,서울특별시 관악구청,02-879-6962,2023-09-04
G9007,서울특별시,관악구,특별시도,,남부순환로157길,3,,서울특별시 관악구 신림동 505,37.48466744,126.916537,반석빌라 부근,4,0,,,,,서울특별시 관악구청,02-879-6962,2023-09-04
G9008,서울특별시,관악구,특별시도,,남부순환로153길,3,,서울특별시 관악구 신림동 526-24,37.48302887,126.9174062,신사동성베드로성당 부근,4,0,,,,,서울특별시 관악구청,02-879-6962,2023-09-04
G9009,서울특별시,관악구,특별시도,,남부순환로153길,3,,서울특별시 관악구 신림동 513,37.48465873,126.9157562,신사동제1공영주차장 부근,4,0,,,,,서울특별시 관악구청,02-879-6962,2023-09-04
JA005,서울특별시,관악구,특별시도,,청림3길,3,,서울특별시 관악구 봉천동 1717-11,37.48842804,126.9617458,서희스타힐스 부근,4,0,,,,,서울특별시 관악구청,02-879-6962,2023-09-04
K2002,서울특별시,관악구,특별시도,,신림로59길,3,서울특별시 관악구신림로59길 23,,37.483061,126.9287739,삼모스포렉스 부근,4,0,,,,,서울특별시 관악구청,02-879-6962,2023-09-04
N0001,서울특별시,관악구,특별시도,,신림로,3,,서울특별시 관악구 신림동 1425-25,37.48753063,126.9290698,희망찬안과 부근,4,0,,,,,서울특별시 관악구청,02-879-6962,2023-09-04
N1001,서울특별시,관악구,특별시도,,신원로,3,,서울특별시 관악구 신림동 1642-10,37.48030786,126.9301286,동부아파트 부근,4,0,,,,,서울특별시 관악구청,02-879-6962,2023-09-04
N1002,서울특별시,관악구,특별시도,,난곡로,3,,서울특별시 관악구 신림동 607-12,37.47428544,126.9180585,세이브마트 부근,4,0,,,,,서울특별시 관악구청,02-879-6962,2023-09-04
N1003,서울특별시,관악구,특별시도,,신원로,3,,서울특별시 관악구 신림동 1642-7,37.48277655,126.9275257,삼모스포렉스 부근,4,0,,,,,서울특별시 관악구청,02-879-6962,2023-09-04
N2003,서울특별시,관악구,특별시도,,쑥고개로,3,서울특별시 관악구 쑥고개로 51,서울특별시 관악구 봉천동 1528-15,37.479709,126.942114,으뜸한의원 부근,4,0,,,,,서울특별시 관악구청,02-879-6962,2023-09-04
N3001,서울특별시,관악구,특별시도,,신림로3가길,3,,서울특별시 관악구 신림동 805,37.46859478,126.9453759,CU 편의점 부근,4,0,,,,,서울특별시 관악구청,02-879-6962,2023-09-04
N6001,서울특별시,관악구,특별시도,,신림로,3,,서울특별시 관악구 신림동 1642-9,37.48144301,126.9299794,신림역3번 출구 부근,4,0,,,,,서울특별시 관악구청,02-879-6962,2023-09-04
N6002,서울특별시,관악구,특별시도,,남부순환로,3,,서울특별시 관악구 신림동 1433-88,37.484209,126.9277064,신림역5번 출구 부근,4,0,,,,,서울특별시 관악구청,02-879-6962,2023-09-04
N6003,서울특별시,관악구,특별시도,,신림로,3,,서울특별시 관악구 신림동 808-393,37.47753459,126.936285,신림2교 부근,4,0,,,,,서울특별시 관악구청,02-879-6962,2023-09-04
N6004,서울특별시,관악구,특별시도,,과천대로,3,,서울특별시 관악구 남현동 1061-29,37.47534057,126.981414,사당역5번 출구 부근,4,0,,,,,서울특별시 관악구청,02-879-6962,2023-09-04
N7001,서울특별시,관악구,특별시도,,양녕로,3,,서울특별시 관악구 봉천동 899-37,37.48579287,126.9468355,현대시장 부근,4,0,,,,,서울특별시 관악구청,02-879-6962,2023-09-04
N7002,서울특별시,관악구,특별시도,,신사로,3,,서울특별시 관악구 신림동 500,37.48803135,126.9150216,진양빌딩 지구대 부근,4,0,,,,,서울특별시 관악구청,02-879-6962,2023-09-04
N7003,서울특별시,관악구,특별시도,,은천로,3,,서울특별시 관악구 봉천동 982-4,37.48630166,126.9371877,봉일시장 부근,4,0,,,,,서울특별시 관악구청,02-879-6962,2023-09-04
N7004,서울특별시,관악구,특별시도,,난곡로34길,3,,서울특별시 관악구 신림동 617-8,37.47269963,126.9193201,우리들약국 부근,4,0,,,,,서울특별시 관악구청,02-879-6962,2023-09-04
N7005,서울특별시,관악구,특별시도,,신림로,3,,서울특별시 관악구 신림동 266,37.470624,126.9374953,CU편의점 부근,4,0,,,,,서울특별시 관악구청,02-879-6962,2023-09-04
N7006,서울특별시,관악구,특별시도,,난곡로,3,,서울특별시 관악구 신림동 502,37.48647921,126.91359,신대방역 난곡방향 부근,4,0,,,,,서울특별시 관악구청,02-879-6962,2023-09-04
N8001,서울특별시,관악구,특별시도,,남현1길,3,서울특별시 관악구 남현1길 2,서울특별시 관악구 남현동 1126,37.47562374,126.9777226,남현주차장 부근,4,0,,,,,서울특별시 관악구청,02-879-6962,2023-09-04
N8002,서울특별시,관악구,특별시도,,낙성대로,3,,서울특별시 관악구 봉천동 302-5,37.47614145,126.959213,인헌초교 부근,4,0,,,,,서울특별시 관악구청,02-879-6962,2023-09-04
N8003,서울특별시,관악구,특별시도,,인헌길,3,서울특별시 관악구 인헌길 40,서울특별시 관악구 봉천동 1639-9,37.473747,126.9665878,매일약국 부근,4,0,,,,,서울특별시 관악구청,02-879-6962,2023-09-04
N8004,서울특별시,관악구,특별시도,,봉천로,3,,서울특별시 관악구 봉천동 1693-48,37.47456184,126.966498,CU편의점 부근,4,0,,,,,서울특별시 관악구청,02-879-6962,2023-09-04
N8005,서울특별시,관악구,특별시도,,문성로,3,,서울특별시 관악구 신림동 1642-16,37.47894929,126.9253342,CU편의점 부근,4,0,,,,,서울특별시 관악구청,02-879-6962,2023-09-04
N8006,서울특별시,관악구,특별시도,,조원로,3,서울특별시 관악구 조원로 123,서울특별시 관악구 신림동 503-35,37.48531038,126.9159054,갈보리교회 부근,4,0,,,,,서울특별시 관악구청,02-879-6962,2023-09-04
N8007,서울특별시,관악구,특별시도,,난우길,3,,서울특별시 관악구 신림동 882-1,37.47559835,126.91674,난우초교 부근,4,0,,,,,서울특별시 관악구청,02-879-6962,2023-09-04
N8008,서울특별시,관악구,특별시도,,조원중앙로,3,,서울특별시 관악구 신림동 1675-12,37.48052866,126.9044974,BS빌딩 부근,4,0,,,,,서울특별시 관악구청,02-879-6962,2023-09-04
N8009,서울특별시,관악구,특별시도,,호암로24길,3,,서울특별시 관악구 신림동 1540,37.46912809,126.9352713,국민은행 건너편 부근,4,0,,,,,서울특별시 관악구청,02-879-6962,2023-09-04
N8010,서울특별시,관악구,특별시도,,문성로,3,,서울특별시 관악구 신림동 746-42,37.47724481,126.9136082,라이프아파트 부근,4,0,,,,,서울특별시 관악구청,02-879-6962,2023-09-04
N9001-5,서울특별시,관악구,특별시도,,인헌6길,3,서울특별시 관악구 인헌6길 16,,37.47407,126.9660073,우리은행 부근,4,0,,,,,서울특별시 관악구청,02-879-6962,2023-09-04
N9002,서울특별시,관악구,특별시도,,남부순환로,3,서울특별시 관악구 남부순환로 1430,,37.47923845,126.90904,신림푸르지오 부근,4,0,,,,,서울특별시 관악구청,02-879-6962,2023-09-04
N9003,서울특별시,관악구,특별시도,,남현1길,3,서울특별시 관악구 남현1길 50,서울특별시 관악구 남현동 1062-12,37.47575596,126.9801395,시립남서울미술관 부근,4,0,,,,,서울특별시 관악구청,02-879-6962,2023-09-04
NA001,서울특별시,관악구,특별시도,,신림로,3,,서울특별시 관악구 신림동 1641-16,37.48257543,126.9302529,청암두산위브아파트 부근,4,0,,,,,서울특별시 관악구청,02-879-6962,2023-09-04
NA002,서울특별시,관악구,특별시도,,은천로,3,,서울특별시 관악구 봉천동 502-1,37.48692478,126.9466368,더불유에스타워 부근,4,0,,,,,서울특별시 관악구청,02-879-6962,2023-09-04
NA003,서울특별시,관악구,특별시도,,신원로,3,,서울특별시 관악구 신림동 1642-14,37.48092979,126.9277729,신림동부아파트 승리교 부근,4,0,,,,,서울특별시 관악구청,02-879-6962,2023-09-04
NB001,서울특별시,관악구,특별시도,,남부순환로,3,,서울특별시 관악구 신림동 1464-96,37.483919,126.925549,봉림교 부근,4,0,,,,,서울특별시 관악구청,02-879-6962,2023-09-04
NB002,서울특별시,관악구,특별시도,,관악로,3,,서울특별시 관악구 봉천동 32-6,37.48396062,126.955124,동진빌딩 맞은편 부근,4,0,,,,,서울특별시 관악구청,02-879-6962,2023-09-04
NB003,서울특별시,관악구,특별시도,,관악로,3,,서울특별시 관악구 봉천동 33-2,37.48411486,126.954911,동진빌딩 부근,4,0,,,,,서울특별시 관악구청,02-879-6962,2023-09-04
NB004,서울특별시,관악구,특별시도,,관악로,3,,서울특별시 관악구 봉천동 979-3,37.47959733,126.9524458,서울대입구역3번 출구 부근,4,0,,,,,서울특별시 관악구청,02-879-6962,2023-09-04
NB005,서울특별시,관악구,특별시도,,시흥대로,3,,서울특별시 관악구 신림동 1674,37.48417986,126.9026932,우신병원 코너 부근,4,0,,,,,서울특별시 관악구청,02-879-6962,2023-09-04
NB006,서울특별시,관악구,특별시도,,봉천로,3,서울특별시 관악구 봉천로 481,서울특별시 관악구 봉천동 973-1,37.48206466,126.953685,장수집 맞은편 부근,4,0,,,,,서울특별시 관악구청,02-879-6962,2023-09-04
NB007,서울특별시,관악구,특별시도,,봉천로,3,서울특별시 관악구 봉천로 330-1,서울특별시 관악구 봉천동 978-12,37.48490078,126.9378151,명신적재함 부근,4,0,,,,,서울특별시 관악구청,02-879-6962,2023-09-04
NB008,서울특별시,관악구,특별시도,,봉천로,3,,서울특별시 관악구 신림동 1467-11,37.48961016,126.9263577,LG전자서비스센터 부근,4,0,,,,,서울특별시 관악구청,02-879-6962,2023-09-04
NB009,서울특별시,관악구,특별시도,,난곡로,3,,서울특별시 관악구 신림동 873-7,37.46697344,126.920476,느티나무공원 부근,4,0,,,,,서울특별시 관악구청,02-879-6962,2023-09-04
NB010,서울특별시,관악구,특별시도,,난곡로,3,,서울특별시 관악구 신림동 681-16,37.465177,126.919455,신림종합복지관 건너편 부근,4,0,,,,,서울특별시 관악구청,02-879-6962,2023-09-04
NB011,서울특별시,관악구,특별시도,,조원로,3,,서울특별시 관악구 신림동 1675-7,37.483443,126.9046845,예수비전교회 부근,4,0,,,,,서울특별시 관악구청,02-879-6962,2023-09-04
NB012,서울특별시,관악구,특별시도,,남부순환로,3,,서울특별시 관악구 신림동 1467-14,37.48357568,126.9251658,올포유 부근,4,0,,,,,서울특별시 관악구청,02-879-6962,2023-09-04
NF001,서울특별시,관악구,특별시도,,복은길,3,서울특별시 관악구 복은길132,,37.47495789,126.9430965,사거리 부근,4,0,,,,,서울특별시 관악구청,02-879-6962,2023-09-04
NF002,서울특별시,관악구,특별시도,,은천로,3,서울특별시 관악구 은천로118,,37.48653513,126.9484065,국민은행 부근,4,0,,,,,서울특별시 관악구청,02-879-6962,2023-09-04
NF003,서울특별시,관악구,특별시도,,신림로,3,서울특별시 관악구 신림로 89,,37.47028987,126.9395213,한남교 부근,4,0,,,,,서울특별시 관악구청,02-879-6962,2023-09-04
NG001,서울특별시,관악구,특별시도,,신림로3가길,3,서울특별시 관악구 신림로3가길 63,,37.46872761,126.941177,삼성초등학교 부근,4,0,,,,,서울특별시 관악구청,02-879-6962,2023-09-04
NH001,서울특별시,관악구,특별시도,,호암로,3,서울특별시 관악구 호암로 405,,37.46100863,126.92616,삼섬산주공아파트 입구,4,0,,,,,서울특별시 관악구청,02-879-6962,2023-09-04
NH002,서울특별시,관악구,특별시도,,보라매로2길,3,서울특별시 관악구 보라매로2길 23,,37.4901,126.9303698,당곡초등학교 부근,4,0,,,,,서울특별시 관악구청,02-879-6962,2023-09-04
NH003,서울특별시,관악구,특별시도,,참숯5길,3,서울특별시 관악구 참숯5길 12,,37.47706,126.94036,영그린유치원,4,0,,,,,서울특별시 관악구청,02-879-6962,2023-09-04
NJ001,서울특별시,관악구,특별시도,,조원로,3,서울특별시 관악구조원로25,,37.48426276,126.903288,힐스테이트뉴포레아파트 부근,4,0,,,,,서울특별시 관악구청,02-879-6962,2023-09-04
NJ002,서울특별시,관악구,특별시도,,남부순환로,3,서울특별시 관악구남부순환로 1630 부근,,37.4843553,126.9318476,파리바게뜨 부근,4,0,,,,,서울특별시 관악구청,02-879-6962,2023-09-04
NJ003,서울특별시,관악구,특별시도,,낙성대역6길,3,서울특별시 관악구낙성대역6길 1 부근,,37.47509688,126.9624903,영빌라트 부근,4,0,,,,,서울특별시 관악구청,02-879-6962,2023-09-04
NJ004,서울특별시,관악구,특별시도,,신림로,3,,서울특별시 관악구신림동 1432-81,37.48513826,126.9294986,우리은행 부근,4,0,,,,,서울특별시 관악구청,02-879-6962,2023-09-04
P1005,서울특별시,관악구,특별시도,,남부순환로260길,3,서울특별시 관악구 남부순환로260길 7,,37.47550456,126.973569,한백다솜아파트 부근,4,0,,,,,서울특별시 관악구청,02-879-6962,2023-09-04
P1061,서울특별시,관악구,특별시도,,쑥고개로,3,서울특별시 관악구 쑥고개로 114-2,서울특별시 관악구 봉천동 1573-12,37.47883325,126.9493058,GS슈퍼 맞은편 부근,4,0,,,,,서울특별시 관악구청,02-879-6962,2023-09-04
P1069,서울특별시,관악구,특별시도,,난곡로,3,,서울특별시 관악구 신림동 1735-16,37.46098123,126.9218525,관악산휴먼시아2단지 부근,4,0,,,,,서울특별시 관악구청,02-879-6962,2023-09-04
P1070,서울특별시,관악구,특별시도,,원신길,3,서울특별시 관악구 원신길 139,서울특별시 관악구 신림동 808-143,37.46624293,126.9299783,유완약국 맞은편 부근,4,0,,,,,서울특별시 관악구청,02-879-6962,2023-09-04
P1072,서울특별시,관악구,특별시도,,원신3길,3,,서울특별시 관악구 신림동 808-502,37.469263,126.9317969,화장실 부근,4,0,,,,,서울특별시 관악구청,02-879-6962,2023-09-04
P1075,서울특별시,관악구,특별시도,,난향길,3,,서울특별시 관악구 신림동 808-178,37.46265396,126.9175545,국화빌라 부근,4,0,,,,,서울특별시 관악구청,02-879-6962,2023-09-04
P6002,서울특별시,관악구,특별시도,,남부순환로,3,,서울특별시 관악구 봉천동 978-8,37.48285647,126.9440515,삼성전자 부근,4,0,,,,,서울특별시 관악구청,02-879-6962,2023-09-04
P6004-1,서울특별시,관악구,특별시도,,봉천로27길,3,서울특별시 관악구 봉천로27길 20,,37.48519157,126.939667,선봉어린이공원,4,0,,,,,서울특별시 관악구청,02-879-6962,2023-09-04
P6004-2,서울특별시,관악구,특별시도,,봉천로27길,3,서울특별시 관악구 봉천로27길 20,,37.48519157,126.939667,선봉어린이공원,4,0,,,,,서울특별시 관악구청,02-879-6962,2023-09-04
P6006,서울특별시,관악구,특별시도,,봉천로29길,3,서울특별시 관악구 봉천로29길 47,,37.48560689,126.9419506,배꽃유치원,4,0,,,,,서울특별시 관악구청,02-879-6962,2023-09-04
P6016,서울특별시,관악구,특별시도,,보라매로2길,3,,서울특별시 관악구 봉천동 839-3,37.489896,126.929413,당곡초등학교 부근,4,0,,,,,서울특별시 관악구청,02-879-6962,2023-09-04
P6030,서울특별시,관악구,특별시도,,관천로22길,3,서울특별시 관악구 관천로22길 54,,37.48876347,126.925397,대박축산 부근,4,0,,,,,서울특별시 관악구청,02-879-6962,2023-09-04
P6033,서울특별시,관악구,특별시도,,신림동길,3,,서울특별시 관악구 신림동 1467-12,37.487051,126.9258893,소망공인중개사 사거리 부근,4,0,,,,,서울특별시 관악구청,02-879-6962,2023-09-04
P6035,서울특별시,관악구,특별시도,,관천로,3,,서울특별시 관악구 신림동 1433-150,37.48427193,126.9264158,부근,4,0,,,,,서울특별시 관악구청,02-879-6962,2023-09-04
P6036,서울특별시,관악구,특별시도,,남부순환로,3,,서울특별시 관악구 신림동 1433-42,37.48442889,126.9293898,신림역5번출구 부근,4,0,,,,,서울특별시 관악구청,02-879-6962,2023-09-04
P6039,서울특별시,관악구,특별시도,,신림로,3,,서울특별시 관악구신림동 1425-12,37.48641786,126.9294234,KT플라자 부근,4,0,,,,,서울특별시 관악구청,02-879-6962,2023-09-04
P6040,서울특별시,관악구,특별시도,,신림동7길,3,서울특별시 관악구 신림동7길 34,서울특별시 관악구 신림동 1463-43,37.48554607,126.926414,정경빌 부근,4,0,,,,,서울특별시 관악구청,02-879-6962,2023-09-04
P9002,서울특별시,관악구,특별시도,,국회단지길,3,,서울특별시 관악구 봉천동 635-383,37.48913145,126.9423645,은혜교회 부근,4,0,,,,,서울특별시 관악구청,02-879-6962,2023-09-04
P9007,서울특별시,관악구,특별시도,,남부순환로214길,3,서울특별시 관악구남부순환로214길 23,,37.48055725,126.9476811,KT플라자 부근,4,0,,,,,서울특별시 관악구청,02-879-6962,2023-09-04
P9008,서울특별시,관악구,특별시도,,청룡4길,3,,서울특별시 관악구 봉천동 920,37.48102565,126.9425545,관악초교 부근,4,0,,,,,서울특별시 관악구청,02-879-6962,2023-09-04
P9018,서울특별시,관악구,특별시도,,신림로58길,3,,서울특별시 관악구 신림동 860-3,37.48197108,126.9310966,왕성교회 부근,4,0,,,,,서울특별시 관악구청,02-879-6962,2023-09-04
P9020,서울특별시,관악구,특별시도,,남부순환로172길,3,서울특별시 관악구남부순환로172길 1,,37.48343137,126.9256405,신원시장 부근,4,0,,,,,서울특별시 관악구청,02-879-6962,2023-09-04
P9023,서울특별시,관악구,특별시도,,난곡로26길,3,서울특별시 관악구난곡로26길,,37.46791074,126.925462,원신초교 부근,4,0,,,,,서울특별시 관악구청,02-879-6962,2023-09-04
P9024,서울특별시,관악구,특별시도,,호암로26길,3,,서울특별시 관악구 신림동 1514-4,37.47068492,126.9348722,관악청소년회관 부근,4,0,,,,,서울특별시 관악구청,02-879-6962,2023-09-04
S0001,서울특별시,관악구,특별시도,,청룡4길,3,,서울특별시 관악구 봉천동 981-9,37.481066,126.9433793,관악초교 부근,4,0,,,,,서울특별시 관악구청,02-879-6962,2023-09-04
S0003,서울특별시,관악구,특별시도,,은천로19길,3,,서울특별시 관악구 봉천동 738-69,37.48921747,126.9462717,구암초교 부근,4,0,,,,,서울특별시 관악구청,02-879-6962,2023-09-04
S0003,서울특별시,관악구,특별시도,,은천로19길,3,서울특별시 관악구 은천로 19길 47,,37.48868974,126.9472353,구암초교 부근,4,0,,,,,서울특별시 관악구청,02-879-6962,2023-09-04
S0005,서울특별시,관악구,특별시도,,난곡로35길,3,,서울특별시 관악구 신림동 711-48,37.46967203,126.9174633,난곡초등학교 부근,4,0,,,,,서울특별시 관악구청,02-879-6962,2023-09-04
S0007,서울특별시,관악구,특별시도,,난우길,3,,서울특별시 관악구 신림동 808-647,37.47683861,126.918363,난우초교 부근,4,0,,,,,서울특별시 관악구청,02-879-6962,2023-09-04
S0009,서울특별시,관악구,특별시도,,난향길,3,,서울특별시 관악구 신림동 672,37.46282189,126.9183368,난향초교 부근,4,0,,,,,서울특별시 관악구청,02-879-6962,2023-09-04
S0011,서울특별시,관악구,특별시도,,남부순환로163길,3,,서울특별시 관악구 신림동 463,37.48465728,126.922877,남부초교 부근,4,0,,,,,서울특별시 관악구청,02-879-6962,2023-09-04
S0013,서울특별시,관악구,특별시도,,보라매로2길,3,,서울특별시 관악구 봉천동 839-3,37.489878,126.929419,당곡초교 부근,4,0,,,,,서울특별시 관악구청,02-879-6962,2023-09-04
S0015,서울특별시,관악구,특별시도,,문성로,3,,서울특별시 관악구 신림동 산 201-10,37.477399,126.9123196,미성초등학교 부근,4,0,,,,,서울특별시 관악구청,02-879-6962,2023-09-04
S0017,서울특별시,관악구,특별시도,,행운1라길,3,,서울특별시 관악구 봉천동 28-6,37.4832696,126.9581884,봉천초교 부근,4,0,,,,,서울특별시 관악구청,02-879-6962,2023-09-04
S0019,서울특별시,관악구,특별시도,,행운5길,3,서울특별시 관악구 행운5길 35,서울특별시 관악구 봉천동 100-14,37.482181,126.958433,봉천초교 부근,4,0,,,,,서울특별시 관악구청,02-879-6962,2023-09-04
S0021,서울특별시,관악구,특별시도,,성현로,3,,서울특별시 관악구 봉천동 1704,37.49124068,126.9555874,봉현초교 부근,4,0,,,,,서울특별시 관악구청,02-879-6962,2023-09-04
S0023,서울특별시,관악구,특별시도,,남현4길,3,서울특별시 관악구 남현4길 51,서울특별시 관악구 남현동 1080-1,37.47383628,126.9733501,사당초교 부근,4,0,,,,,서울특별시 관악구청,02-879-6962,2023-09-04
S0025,서울특별시,관악구,특별시도,,대학7길,3,,서울특별시 관악구 신림동 244-17,37.46875942,126.940767,삼성초교 부근,4,0,,,,,서울특별시 관악구청,02-879-6962,2023-09-04
S0027,서울특별시,관악구,특별시도,,문성로28길,3,,서울특별시 관악구 신림동 산 159-13,37.477491,126.926666,신림초교 부근,4,0,,,,,서울특별시 관악구청,02-879-6962,2023-09-04
S0029,서울특별시,관악구,특별시도,,양녕로6나길,3,,서울특별시 관악구 봉천동 887-30,37.484606,126.9485289,신봉초교 부근,4,0,,,,,서울특별시 관악구청,02-879-6962,2023-09-04
S0031,서울특별시,관악구,특별시도,,신림로,3,,서울특별시 관악구 신림동 117-10,37.471174,126.936612,신성초교 부근,4,0,,,,,서울특별시 관악구청,02-879-6962,2023-09-04
S0033,서울특별시,관악구,특별시도,,호암로,3,서울특별시 관악구 호암로 494,서울특별시 관악구 신림동 316-4,37.46174686,126.932075,신우초교 부근,4,0,,,,,서울특별시 관악구청,02-879-6962,2023-09-04
S0035,서울특별시,관악구,특별시도,,봉천로,3,,서울특별시 관악구 봉천동 1669-1,37.48128046,126.9562493,원당초교 부근,4,0,,,,,서울특별시 관악구청,02-879-6962,2023-09-04
S0037,서울특별시,관악구,특별시도,,광신길,3,,서울특별시 관악구 신림동 336,37.46719824,126.9272409,원신초교 부근,4,0,,,,,서울특별시 관악구청,02-879-6962,2023-09-04
S0039,서울특별시,관악구,특별시도,,광신1길,3,서울특별시 관악구 광신길 211,서울특별시 관악구 신림동 841-3,37.4669972,126.9292872,신림주공아파트 부근,4,0,,,,,서울특별시 관악구청,02-879-6962,2023-09-04
S0041,서울특별시,관악구,특별시도,,국회단지4길,3,,서울특별시 관악구 봉천동 622-1,37.4865852,126.9426791,은천초교 부근,4,0,,,,,서울특별시 관악구청,02-879-6962,2023-09-04
S0043,서울특별시,관악구,특별시도,,낙성대로,3,서울특별시 관악구 낙성대로 22,서울특별시 관악구 봉천동 1625-17,37.47656,126.9587857,인헌초교 부근,4,0,,,,,서울특별시 관악구청,02-879-6962,2023-09-04
S0045,서울특별시,관악구,특별시도,,조원로,3,,서울특별시 관악구 신림동 548-2,37.48412777,126.9095056,조원초교 부근,4,0,,,,,서울특별시 관악구청,02-879-6962,2023-09-04
S0047,서울특별시,관악구,특별시도,,관악로5길,3,,서울특별시 관악구 봉천동 738-236,37.476946,126.951448,청룡초교 부근,4,0,,,,,서울특별시 관악구청,02-879-6962,2023-09-04
T0011,서울특별시,관악구,특별시도,,남부순환로163나길,3,,서울특별시 관악구 신림동 467,37.48511944,126.9221838,남부초교 부근,4,0,,,,,서울특별시 관악구청,02-879-6962,2023-09-04
T0024,서울특별시,관악구,특별시도,,남부순환로,3,서울특별시 관악구 남부순환로 1430,,37.47923845,126.90904,푸르지오 입구 부근,4,0,,,,,서울특별시 관악구청,02-879-6962,2023-09-04
T1001,서울특별시,관악구,특별시도,,남부순환로154길,3,,서울특별시 관악구 신림동 1642-4,37.48143937,126.9192382,성보고교 부근,4,0,,,,,서울특별시 관악구청,02-879-6962,2023-09-04
W2001,서울특별시,관악구,특별시도,,원신길,3,,서울특별시 관악구 신림동 808-540,37.47182761,126.9332025,삼성시장 초입 부근,4,0,,,,,서울특별시 관악구청,02-879-6962,2023-09-04
